<?xml version="1.0" encoding="UTF-8" ?>
<!-- DOCTYPE이 mapper인 xml 파일은 실행할 sql 명령을 작성한다. -->
<!DOCTYPE mapper PUBLIC "-//mybatis.org//DTD Mapper 3.0//EN" "http://mybatis.org/dtd/mybatis-3-mapper.dtd">
<mapper namespace="com.koreait.vo.CategoryVO">

	<!-- parameterClass => parameterType, resultClass => resultType, ## => #{} -->

	<!-- 메인 카테고리를 저장한다. -->
	<insert id="insert" parameterType="com.koreait.vo.CategoryVO">
		<!-- category_idx_seq.currval => 현재 카테고리값을 의미한다. -->
		insert into category(idx, category, ref, lev, seq) 
		values (category_idx_seq.nextval, #{category}, category_idx_seq.currval, 0, 0)
	</insert>
	
	<!-- 전체 카테고리 목록을 얻어온다. -->
	<select id="selectList" resultType="com.koreait.vo.CategoryVO">
		select * from category order by ref desc, seq asc
	</select>
	
	<!-- 같은 카테고리 그룹에서 카테고리 출력 순서를 저정하기 위해 조건에 만족하는 seq를 1씩 증가시킨다. -->
	<update id="increment" parameterType="java.util.HashMap">
		<!-- ref, seq는 테이블의 필드이고 #{ref}, #{seq}는 HashMap 객체에 저장되서 넘어온 데이터이다. -->
		<![CDATA[
		update category set seq = seq + 1 where ref = #{ref} and seq >= #{seq}
		]]>
	</update>
	
	<!-- 서브 카테고리를 저장한다. -->
	<insert id="reply" parameterType="com.koreait.vo.CategoryVO">
		insert into category (idx, category, ref, lev, seq) 
		values (category_idx_seq.nextval, #{category}, #{ref}, #{lev}, #{seq})
	</insert>
	
	<!-- 카테고리 한 건을 얻어온다. -->
	<select id="selectByIdx" parameterType="int" resultType="com.koreait.vo.CategoryVO">
		select * from category where idx = #{idx}
	</select>
	
	<!-- 카테고리 한 건을 삭제한다. -->
	<delete id="delete" parameterType="int">
		delete from category where idx = #{idx}
	</delete>
	
	<!-- 카테고리 한 건을 수정한다. -->
	<update id="update" parameterType="com.koreait.vo.CategoryVO">
		update category set category = #{category} where idx = #{idx}
	</update>
	
</mapper>












