<?xml version="1.0" encoding="UTF-8" ?>
<!-- DOCTYPE이 configuration인 xml 파일은 데이터베이스 연결 정보와 실행할 sql 명령문이 작성되는 xml 파일을 알려준다. -->
<!DOCTYPE configuration PUBLIC "-//mybatis.org//DTD Config 3.0//EN"
"http://mybatis.org/dtd/mybatis-3-config.dtd">
<configuration>

	<properties resource="com/koreait/mybatis/db.properties" />
	
	<typeAliases>
		<typeAlias type="com.koreait.vo.MvcBoardVO" alias="vo"/>
	</typeAliases>
	
	<environments default="development">
		<environment id="development">
			<transactionManager type="JDBC" />
			<dataSource type="POOLED">
				<property name="driver" value="${driver}" />
				<property name="url" value="${url}" />
				<property name="username" value="${username}" />
				<property name="password" value="${password}" />
			</dataSource>
		</environment>
	</environments>
	
	<mappers>
		<mapper resource="com/koreait/mybatis/mvcboard.xml" />
	</mappers>
	
</configuration>